ticker,side,decision_price,status,result,seen_bid,seen_ask,bid_size,ask_size
KXGOLD15M-26OCT081200-00,no,0.93,filled,no,0.07,0.071,1583.9,484.99
KXBTC15M-26OCT081130-30,no,0.968,no fill,no,0.032,0.033,1218.5,2517.53
KXGOLD15M-26OCT081115-15,no,0.924,filled,no,0.076,0.08,1140.03,116.34
KXGOLD15M-26OCT081045-45,no,0.9,no fill,no,0.1,0.11,1725,5719.52
KXGOLD15M-26OCT081015-15,no,0.927,no fill,no,0.073,0.074,1999.23,1500
KXGOLD15M-26OCT081000-00,yes,0.914,filled,yes,0.904,0.914,1547.38,1498.4
KXBTC15M-26OCT080945-45,no,0.953,filled,no,0.047,0.048,0.12,1831.12
KXGOLD15M-26OCT080845-45,no,0.968,filled,no,0.032,0.033,1552.22,32
KXBTC15M-26OCT080845-45,no,0.9,filled,no,0.1,0.11,6036.69,1727.46
KXGOLD15M-26OCT080800-00,yes,0.958,filled,yes,0.952,0.958,193,1500
KXGOLD15M-26OCT080730-30,yes,0.924,filled,yes,0.922,0.924,471,1500
KXGOLD15M-26OCT080700-00,yes,0.959,filled,yes,0.958,0.959,45,1500
KXBTC15M-26OCT080630-30,no,0.92,no fill,no,0.08,0.081,632.1,465.23
KXBTC15M-26OCT080545-45,yes,0.953,filled,yes,0.952,0.953,131.02,1061.02
KXBTC15M-26OCT080300-00,yes,0.966,no fill,yes,0.964,0.966,200,1199.63
KXGOLD15M-26OCT080230-30,no,0.901,filled,no,0.099,0.1,4152.85,35
KXBTC15M-26OCT080230-30,no,0.967,filled,no,0.033,0.034,1404.82,290.79
KXBTC15M-26OCT080215-15,yes,0.947,no fill,yes,0.946,0.947,691.1,0.02
KXGOLD15M-26OCT080130-30,no,0.9,no fill,no,0.1,0.11,2264.2,2403
KXBTC15M-26OCT080100-00,yes,0.944,no fill,yes,0.943,0.944,296.02,1041.4
KXGOLD15M-26OCT080045-45,no,0.953,filled,no,0.047,0.048,2110,2000
KXBTC15M-26OCT080045-45,no,0.93,no fill,no,0.07,0.071,1000.02,1306.13
KXGOLD15M-26OCT080030-30,no,0.945,filled,no,0.055,0.056,64.07,4474.48
KXBTC15M-26OCT080030-30,no,0.902,no fill,yes,0.098,0.099,2676.19,91.14
KXGOLD15M-26OCT080015-15,yes,0.927,no fill,yes,0.926,0.927,2.14,2000
KXBTC15M-26OCT080000-00,no,0.911,filled,no,0.089,0.09,855.18,1981.13
KXGOLD15M-26OCT072345-45,yes,0.927,filled,yes,0.926,0.927,4571,586.88
KXBTC15M-26OCT072345-45,no,0.914,filled,no,0.086,0.087,208.13,1602.21
KXBTC15M-26OCT072315-15,no,0.96,filled,no,0.04,0.041,5055.73,770.01
KXBTC15M-26OCT072300-00,no,0.94,filled,no,0.06,0.061,387.02,428.32
KXGOLD15M-26OCT072245-45,yes,0.921,filled,yes,0.92,0.921,1250,2094.93
KXGOLD15M-26OCT072215-15,yes,0.966,filled,yes,0.965,0.966,306.69,927.1
KXGOLD15M-26OCT072145-45,yes,0.89,no fill,yes,0.88,0.89,3916.67,2192.75
KXBTC15M-26OCT072130-30,no,0.955,filled,no,0.045,0.046,4174.26,382.54
KXGOLD15M-26OCT072115-15,yes,0.959,no fill,yes,0.958,0.959,2096,89.06
KXBTC15M-26OCT072115-15,yes,0.914,no fill,no,0.913,0.914,2231.61,0.02
KXBTC15M-26OCT072100-00,yes,0.953,filled,yes,0.952,0.953,548.06,116.12
KXBTC15M-26OCT071930-30,yes,0.94,no fill,yes,,,,
KXGOLD15M-26OCT071915-15,yes,0.923,filled,yes,,,,
KXBTC15M-26OCT071915-15,no,0.901,filled,no,,,,
KXGOLD15M-26OCT071900-00,yes,0.89,no fill,yes,,,,
KXBTC15M-26OCT071900-00,no,0.93,filled,no,,,,
KXGOLD15M-26OCT071845-45,no,0.88,filled,no,,,,
KXBTC15M-26OCT071800-00,no,0.89,no fill,no,,,,
KXBTC15M-26OCT071745-45,no,0.908,filled,no,,,,
KXBTC15M-26OCT071730-30,yes,0.88,no fill,no,,,,
KXBTC15M-26OCT071715-15,no,0.913,filled,no,,,,
KXGOLD15M-26OCT071700-00,no,0.92,no fill,yes,,,,
KXGOLD15M-26OCT071645-45,no,0.952,no fill,no,,,,
KXBTC15M-26OCT071615-15,yes,0.907,no fill,yes,,,,
KXBTC15M-26OCT071600-00,no,0.947,filled,no,,,,
KXBTC15M-26OCT071530-30,yes,0.9,no fill,yes,,,,
KXGOLD15M-26OCT071515-15,no,0.91,filled,no,,,,
KXBTC15M-26OCT071500-00,yes,0.949,filled,yes,,,,
KXGOLD15M-26OCT071445-45,no,0.93,filled,no,,,,
KXGOLD15M-26OCT071415-15,yes,0.921,filled,yes,,,,
KXBTC15M-26OCT071415-15,yes,0.944,filled,yes,,,,
